Ward,PartyName,PredictedVoteShare2026
Ward 59500009,DEMOCRATIC ALLIANCE,33.52765962273503
Ward 59500009,AFRICAN NATIONAL CONGRESS,32.214148461771
Ward 59500009,ECONOMIC FREEDOM FIGHTERS,6.732072887490244
Ward 59500009,INKATHA FREEDOM PARTY,5.319991019461246
Ward 59500026,AFRICAN NATIONAL CONGRESS,30.305678215313602
Ward 59500026,DEMOCRATIC ALLIANCE,29.98519490884678
Ward 59500026,ECONOMIC FREEDOM FIGHTERS,13.893240804277864
Ward 59500026,INKATHA FREEDOM PARTY,7.565917923866496
Ward 59500099,AFRICAN NATIONAL CONGRESS,29.360538283529944
Ward 59500099,INKATHA FREEDOM PARTY,25.65492336874533
Ward 59500099,DEMOCRATIC ALLIANCE,18.903938669383283
Ward 59500099,ECONOMIC FREEDOM FIGHTERS,8.21805649379621
